Cluster,Name,Season
3,Kevin Love,2012-2013
7,Andrei Kirilenko,2012-2013
3,Nikola Pekovic,2012-2013
4,Luke Ridnour,2012-2013
1,Ricky Rubio,2012-2013
6,Dante Cunningham,2012-2013
9,Derrick Williams,2012-2013
5,Alexey Shved,2012-2013
5,J.J. Barea,2012-2013
2,Chase Budinger,2012-2013
3,Greg Stiemsma,2012-2013
8,Kevin Love,2013-2014
1,Ricky Rubio,2013-2014
4,Corey Brewer,2013-2014
9,Kevin Martin,2013-2014
3,Nikola Pekovic,2013-2014
6,Dante Cunningham,2013-2014
5,J.J. Barea,2013-2014
3,Gorgui Dieng,2013-2014
6,Luc Mbah a Moute,2013-2014
2,Chase Budinger,2013-2014
6,Alexey Shved,2013-2014
2,Robbie Hummel,2013-2014
3,Ronny Turiaf,2013-2014
9,Andrew Wiggins,2014-2015
3,Gorgui Dieng,2014-2015
5,Zach LaVine,2014-2015
6,Thaddeus Young,2014-2015
9,Kevin Martin,2014-2015
2,Chase Budinger,2014-2015
5,Mo Williams,2014-2015
6,Anthony Bennett,2014-2015
9,Shabazz Muhammad,2014-2015
2,Robbie Hummel,2014-2015
6,Adreian Payne,2014-2015
1,Ricky Rubio,2014-2015
4,Corey Brewer,2014-2015
4,Lorenzo Brown,2014-2015
9,Andrew Wiggins,2015-2016
3,Karl-Anthony Towns,2015-2016
1,Ricky Rubio,2015-2016
9,Zach LaVine,2015-2016
3,Gorgui Dieng,2015-2016
9,Shabazz Muhammad,2015-2016
6,Tayshaun Prince,2015-2016
2,Nemanja Bjelica,2015-2016
9,Kevin Martin,2015-2016
4,Tyus Jones,2015-2016
4,Kevin Garnett,2015-2016
9,Andrew Wiggins,2016-2017
8,Karl-Anthony Towns,2016-2017
3,Gorgui Dieng,2016-2017
1,Ricky Rubio,2016-2017
9,Zach LaVine,2016-2017
9,Shabazz Muhammad,2016-2017
4,Kris Dunn,2016-2017
2,Nemanja Bjelica,2016-2017
2,Brandon Rush,2016-2017
4,Tyus Jones,2016-2017
9,Andrew Wiggins,2017-2018
8,Karl-Anthony Towns,2017-2018
3,Taj Gibson,2017-2018
5,Jeff Teague,2017-2018
7,Jimmy Butler,2017-2018
9,Jamal Crawford,2017-2018
4,Tyus Jones,2017-2018
2,Nemanja Bjelica,2017-2018
3,Gorgui Dieng,2017-2018
8,Karl-Anthony Towns,2018-2019
9,Andrew Wiggins,2018-2019
6,Josh Okogie,2018-2019
3,Taj Gibson,2018-2019
2,Dario Saric,2018-2019
4,Tyus Jones,2018-2019
9,Derrick Rose,2018-2019
5,Jeff Teague,2018-2019
2,Anthony Tolliver,2018-2019
3,Gorgui Dieng,2018-2019
7,Robert Covington,2018-2019
6,Jerryd Bayless,2018-2019
6,Keita Bates-Diop,2018-2019
4,Josh Okogie,2019-2020
6,Jarrett Culver,2019-2020
9,Andrew Wiggins,2019-2020
2,Robert Covington,2019-2020
8,Karl-Anthony Towns,2019-2020
5,Jeff Teague,2019-2020
5,Shabazz Napier,2019-2020
3,Gorgui Dieng,2019-2020
6,Treveon Graham,2019-2020
2,Keita Bates-Diop,2019-2020
4,Jordan McLaughlin,2019-2020
2,Jake Layman,2019-2020
9,Anthony Edwards,2020-2021
4,Ricky Rubio,2020-2021
8,Karl-Anthony Towns,2020-2021
2,Jaden McDaniels,2020-2021
3,Naz Reid,2020-2021
9,Malik Beasley,2020-2021
6,Josh Okogie,2020-2021
5,D'Angelo Russell,2020-2021
3,Jarred Vanderbilt,2020-2021
4,Jordan McLaughlin,2020-2021
2,Juancho Hernangomez,2020-2021
2,Jaylen Nowell,2020-2021
2,Jake Layman,2020-2021
8,Karl-Anthony Towns,2021-2022
7,Anthony Edwards,2021-2022
5,D'Angelo Russell,2021-2022
2,Malik Beasley,2021-2022
3,Jarred Vanderbilt,2021-2022
2,Jaden McDaniels,2021-2022
7,Patrick Beverley,2021-2022
3,Naz Reid,2021-2022
2,Taurean Prince,2021-2022
9,Jaylen Nowell,2021-2022
4,Jordan McLaughlin,2021-2022
4,Josh Okogie,2021-2022
7,Anthony Edwards,2022-2023
2,Jaden McDaniels,2022-2023
3,Rudy Gobert,2022-2023
7,Kyle Anderson,2022-2023
5,D'Angelo Russell,2022-2023
9,Jaylen Nowell,2022-2023
7,Naz Reid,2022-2023
2,Taurean Prince,2022-2023
2,Austin Rivers,2022-2023
7,Karl-Anthony Towns,2022-2023
7,Mike Conley,2022-2023
4,Jordan McLaughlin,2022-2023
7,Anthony Edwards,2023-2024
3,Rudy Gobert,2023-2024
7,Karl-Anthony Towns,2023-2024
7,Mike Conley,2023-2024
2,Jaden McDaniels,2023-2024
2,Nickeil Alexander-Walker,2023-2024
7,Naz Reid,2023-2024
4,Kyle Anderson,2023-2024
